"","City","Average_Rating"
"1","Aamby Valley City",4.58823529411765
"8","Abhaneri",4.20299884659746
"835","Achooranam",4.13636363636364
"866","Acharapakkam",3.5
"867","Achrol",4.82352941176471
"884","Adilabad",4.17768595041322
"1132","Adimaly",3.18181818181818
"1163","Adipur",4.26666666666667
"1208","Adoni",4.2
"1223","Adoor",4.28571428571429
"1240","Agartala",4.13741339491917
"2066","Agatti",4.21428571428571
"2122","Agonda",4.61970649895178
"4539","Agra",4.31257161773319
"13873","Tajganj",4.75
"15012","Mohali",4.23711340206186
"43855","Agumbe",4.04225352112676
"43909","Etmadpur",4.875
"44076","Ahmedabad",4.32377749306
"61983","Kalol",4.38
"62895","Ahmednagar",4.18690095846645
"63515","Aizawl",4
"63557","Ahwa",3.5
"63589","Airari",4
"63797","Ajanta",4.11012345679012
"65854","Ajmer",4.078697421981
"66180","Pushkar",3.95555555555556
"68689","Nimbahera",4
"68734","Kolkata",4.18607799755639
"68892","Akluj",4.6140350877193
"68958","Alampur",3.9
"68973","Akola",3.9
"69003","Alandi",4.14814814814815
"69026","Alappuzha",4.19577205882353
"72214","Kainakary",4.4
"73273","Pulinkunnu",3.8
"73372","Alchi",4.03252032520325
"73504","Alibaug",4.18681318681319
"75408","Aligarh",4.18
"75568","Alipurduar",4.25
"75586","Allahabad",3.96288113124171
"75649","Alirajpur",5
"77835","Almora",4.21170395869191
"79012","Alwar",4.0183611016661
"79027","Along",3.4
"79041","Alto-Porvorim",4.4
"81958","Amalapuram",4.25714285714286
"81978","Amaravathi",4.13636363636364
"82004","Amarkantak",4.02088167053364
"82426","Ambaji",4.2548596112311
"82899","Ambajogai",4.25
"82900","Ambala",4.20289855072464
"82916","Ambalappuzha",4
"83104","Ambarnath",3.98412698412698
"83188","Ambavli",4
"83210","Ambasamudram",4.5
"83233","Ambikapur",3.84210526315789
"83246","Amboli",4.39784946236559
"83333","Amravati",4.225
"83343","Ambur",4.5
"83587","Amritsar",4.14893352403458
"83597","Amreli",4.06666666666667
"99671","Anandpur Sahib",4.32258064516129
"99689","Anakulam",4.75
"99769","Anand",4.26829268292683
"99914","Vallabh Vidyanagar",5
"100056","Anantapur",4.29032258064516
"100192","Anantnag",4.09688581314879
"100465","Anaviratty",3.56643356643357
"100614","Andhakaranazhy",4
"100615","Andanallur",4
"100616","Angul",4.32692307692308
"100626","Anchal",4.33333333333333
"100639","Andretta",4
"100659","Anjarle",4.37827715355805
"100729","Anjanvel",3.33333333333333
"100939","Anjar",4
"100976","Annavaram",4.0948275862069
"100986","Ankleshwar",4
"101025","Ankola",4.14285714285714
"101098","Antarvedi",4.26
"101138","Araku Valley",4.08658008658009
"101234","Aragonda",4
"101240","Arakkonam",3.4
"101416","Arambol",4.43669871794872
"102666","Aritar",4.22151898734177
"102676","Arayankavu",4.5
"102824","Ariyurnadu",4.38297872340426
"102881","Ariyankuppam",4.5
"102883","Arpora",4.33963924329081
"102896","Aronda",4
"102905","Arki",4.42857142857143
"105093","Asansol",4.18032786885246
"105388","Ashvem Beach",4.51149425287356
"105595","Athirappilly",4.31346153846154
"105608","Astakatti",4.5
"105669","Athipotta",3
"106646","Auli",4.27067669172932
"106667","Attingal",4.93333333333333
"106766","Joshimath",4.15744680851064
"106977","Aurangabad",4.00962904498816
"113358","Auroville",4.17359249329759
"114832","Ausa",5
"114850","Awantipora",3.34210526315789
"114873","Avakali",5
"114892","Ayodhya",3.97398843930636
"114902","Aversa",4.25
"115227","Ayyampuzha",4.36363636363636
"115233","Azheekal",4.42857142857143
"115242","Baba Bakala",3.78947368421053
"115271","Azhikode",4.8
"115274","Azamgarh",5
"115286","Badami",4.16442953020134
"116485","Badgam",4
"116488","Badlapur",4.51724137931035
"116506","Badrinath",3.91915836101883
"117413","Bagalkot",3.92156862745098
"117472","Baga",4.33085445439369
"124059","Bagdogra",4.82222222222222
"124096","Bageshwar",3.91044776119403
"124183","Baghpat",4.8
"124188","Bagru",3.81818181818182
"124191","Bahraich",4.61904761904762
"124208","Bahadurgarh",4.2
"124235","Baijnath",4.30496453900709
"124366","Bainguinim",3.36111111111111
"124376","Bajarwadi",4.13333333333333
"124381","Keori",4.55555555555556
"124426","Bakkhali",3.99009900990099
"124507","Bajaura",4.57142857142857
"124629","Balasinor",4.02777777777778
"124668","Balangir",4.28571428571429
"124687","Balasore",4.09213483146067
"125133","Balgudar",4
"125137","Balicha",5
"125138","Balurghat",4.16666666666667
"125144","Balotra",4
"125146","Bambolim",4.72872340425532
"125327","Banavasi",4.11111111111111
"125342","Bandhavgarh National Park",4.08289241622575
"125362","Banda",3.33333333333333
"125869","Tala",4.61764705882353
"125929","Bandipur National Park",4.21428571428571
"126032","Bandipur",3.98151950718686
"126994","Bandoli",4.66666666666667
"127013","Bangaram",4.28712871287129
"127055","Baneshwar",3
"127106","Banjar",4.48
"127120","Bankura",4.03913043478261
"127357","Bannari",3.93333333333333
"127367","Banswara",4.2843137254902
"127396","Banni",5
"127446","Bantwal",4.05263157894737
"127457","Bapatla",4.28787878787879
"127634","Baramati",4.265
"127708","Barabanki",4.14285714285714
"127833","Baramulla",4
"127846","Baran",4.57142857142857
"127853","Barasat",3.74193548387097
"127876","Baratang Island",3.89310344827586
"128164","Candolim",4.08082706766917
"128166","Bardez",4.3803910293272
"128176","Barddhaman",4.83333333333333
"129385","Anjuna",4.08053007135576
"131830","Assagao",4.86206896551724
"132753","Sangolda",4
"132791","Saligao",4.32544378698225
"133180","Pomburpa",4.4
"133373","Bareilly",4.38918918918919
"133402","Bardoli",4
"133563","Bargarh",4.16666666666667
"133585","Baripada",4.07792207792208
"133678","Barmer",4.09638554216868
"133832","Barog",3.93478260869565
"133880","Barpeta",3.5
"133894","Barrackpur",4
"133898","Barua Sagar",4.33333333333333
"133901","Bastar",4.03571428571429
"133904","Barwani",4.25
"133908","Barshi",4.2
"133917","Bassi",4.88888888888889
"133975","Basti",3.92307692307692
"133978","Bathinda",4.21470588235294
"133998","Batala",4.4
"134081","Bataw",5
"134324","Beed",4.11111111111111
"134338","Bekal",4.41666666666667
"134406","Begusarai",4.6
"134858","Belakavadi",4.20527859237537
"135567","Belgaum",4.21686746987952
"135938","Bellary",4.12720848056537
"136237","Belluru",4.46938775510204
"136304","Belthangady",3.89473684210526
"136339","Belur",4.3907177549919
"138198","Benaulim",4.52457142857143
"139909","Bengaluru",4.38141523395392
"194640","Bera",4.52083333333333
"194708","Betalbatim",4.50584795321637
"195078","Bhadrachalam",4.22012578616352
"195082","Betul",4.40909090909091
"195101","Beypore",4.2
"195109","Bhabhua",3.83333333333333
"195256","Bhadrak",4.20408163265306
"195319","Bhagalpur",4.03846153846154
"195337","Bhadravati",4
"195424","Bhagsu Nag",4.26315789473684
"195443","Bhagani",2.33333333333333
"195456","Bhagdara",5
"195506","Bhandara",4.2
"195509","Bhalukpong",3.73684210526316
"195513","Bhairapur",5
"195538","Bhalki",3.8
"195551","Bhandardara",4.36111111111111
"195642","Bharatpur",4.23894230769231
"197729","Bharmour",4.07246376811594
"197755","Bharuch",4.30550621669627
"198369","Bhatkal",4.28571428571429
"198459","Bhavani",3.77777777777778
"198483","Bhavnagar",4.21014492753623
"199169","Bhawanipatna",4.62162162162162
"199204","Bhilai",4.1625
"199370","Bhilwara",4.39622641509434
"199395","Bhildi",4
"199454","Bhimashankar",4.18925518925519
"200302","Bhimavaram",4.23529411764706
"200348","Bhimtal",4.34615384615385
"201271","Bhinar",4.66666666666667
"201291","Bhind",4.25
"201315","Bhitarkanika National Park",4.23611111111111
"201373","Bhiwadi",3.93939393939394
"201422","Bhiwandi",3.90909090909091
"201426","Bhiwani",4.10204081632653
"201455","Bhojpur",4.20833333333333
"201622","Bhopal",4.27479338842975
"206942","Bhowali",4.30208333333333
"207026","Bhubaneswar",4.13458374465285
"213102","Bhuj",4.16381940207444
"216402","Bhuvanagiri",4.27659574468085
"216412","Bhuntar",4.18181818181818
"216444","Bhusawal",4
"216474","Bidar",4.0609243697479
"216494","Bicholim",4.75
"216497","Bidadi",4.71428571428571
"216525","Bidarakatte",4.5
"216945","Bijapur",3.88768115942029
"218059","Bijolia",3.75
"218061","Bikaner",4.19599018003273
"220516","Bilaspur",4.20689655172414
"220537","Bikkavolu",4
"220923","Bilimora",4.48
"220942","Binsar",4.16528925619835
"221054","Birpara",3.80952380952381
"221065","Bir",4.45833333333333
"221132","Bishnupur",3.92140921409214
"221497","Bodh Gaya",4.22546419098143
"221550","Blathykavala",3.5
"223751","Bogmalo",4.35684647302905
"224004","Bokakhat",4.14285714285714
"224008","Boisar",5
"224009","Bokaro Steel City",4.28476821192053
"224147","Bolpur",4
"224331","Bomdila",4.2122641509434
"224513","Bongaigaon",4.46666666666667
"224550","Bordi",4.30128205128205
"224700","Borsad",3.84615384615385
"224740","Brahmadesam",3
"224741","Borid",3
"224742","Brahmapur",4.10152284263959
"224939","Budhauli",4
"224944","Budaun",4.5
"224946","Buldana",4.38532110091743
"224950","Bulandshahr",3.33333333333333
"225048","Bundi",4.27725856697819
"226316","Burhanpur",4.04901960784314
"226372","Burdwan",4.28571428571429
"226448","Burwa",3
"226459","Buxar",3.66666666666667
"226468","Byndoor",4.6
"226471","Calangute",4.23199749530369
"229664","Canacona",4.47325102880658
"229677","Palolem",4.10548523206751
"233066","Cansaulim",4.47445255474453
"233103","Canning",4.5
"233616","Carambolim",4.25
"233620","Cavelossim",4.50561797752809
"233630","Caranzalem",3.5
"233653","Carmona",4.66666666666667
"235584","Chaibasa",4.1875
"235616","Chakrata",4.27891156462585
"235756","Chalakudy",4.35887096774194
"236018","Chamarajanagar",4.16666666666667
"236186","Chamba",4.22709163346614
"237700","Chamoli",4.1610541727672
"238369","Champaner",4.00836820083682
"238606","Champawat",3.88461538461538
"238666","Champhai",3.3
"238677","Chandannagar",4.34653465346535
"238690","Chamrajnagar",5
"238785","Chandauli",4.75
"238805","Chanderi",3.99193548387097
"238941","Chandigarh",4.39065158642778
"240326","Panchkula",4.36241610738255
"240559","Zirakpur",4.2265625
"241658","Ramgarh",4.50267379679144
"249389","Chandipur",3.91379310344828
"249462","Chandor",4.12037037037037
"249571","Chandrapur",3.9
"249593","Chandragutti",3.66666666666667
"249677","Changanacherry",4.15
"249705","Changlang",3.03846153846154
"249719","Channapatna",4.24463519313305
"249896","Channarayapatna",4.02403846153846
"250152","Chapora",4.23945147679325
"250212","Chapagaon",5
"251085","Chatra",4
"251105","Chaukori",4.71428571428571
"251119","Chelamattom part",4.14285714285714
"251130","Chendamangalam",4.06
"251187","Chengalpattu",4.23333333333333
"251204","Chengannur",3.875
"251253","Chennai",4.17072575726774
"275846","Vypin Island",4.40549828178694
"276244","Sohra",4.12985118179165
"279743","Cherthala",3.70967741935484
"279783","Cheyyar",3.7
"279791","Cheruthuruthi",5
"279793","Chettikulam",4
"279796","Chhatarpur",4.39087947882736
"279840","Chhachhrauli",1.66666666666667
"280106","Chhindwara",4.16666666666667
"280113","Chhatikara",3.85714285714286
"280154","Chidambaram",4.24237804878049
"280192","Chicolna",4.66666666666667
"280831","Chikhaldara",4.04878048780488
"280926","Chikkaballapur",4.27666151468315
"280980","Chikka Madhure",4.28571428571429
"282194","Chikmagalur",4.15618908382066
"286181","Halebid",4.23694267515924
"286368","Chinchoti",4.46808510638298
"286428","Chinnamanur",4
"286431","Chiplun",4.2520325203252
"286434","Chindi",5
"286439","Chinsurah",4.5
"286456","Chintamani",4
"286468","Chintpurni",3.66666666666667
"286541","Chirala",4.45333333333333
"286626","Chitkul",4.42857142857143
"286692","Chitradurga",4.12715517241379
"287160","Chitrakoot",4.06578947368421
"287447","Chittaurgarh",4.01719645648775
"289393","Chittoor",4.26444444444444
"289833","Chopdem",4.57142857142857
"289840","Chittorgarh",4
"289841","Chowara",4.32941176470588
"289880","Chopta",4.77777777777778
"289890","Chorla",4
"289894","Chorwad",4
"289945","Chundale",4.775
"289953","Chumathang",3.41666666666667
"290075","Churu",4.08571428571429
"290094","Chuntang",4.5
"290105","Churachandpur",3.6
"290142","Coimbatore",4.27705627705628
"295702","Cola",3.87037037037037
"295749","Colva",4.40083289953149
"297674","Cooch Behar",4.11363636363636
"297694","Contai",3
"297857","Coonoor",4.21017274472169
"300981","Cortalim",4.33333333333333
"300990","Courtallam",4.03004291845494
"301192","Covelong",4.42138364779874
"301345","Cuddalore",4.17543859649123
"301553","Cuncolim",4.55813953488372
"301578","Cumbum",4.4
"301598","Cuttack",4.16210526315789
"301609","Maina",5
"302081","Dabaspete",4.17610062893082
"302243","Dabguli",4.25744680851064
"302689","Dabhoi",3.94594594594595
"302724","Dabolim",4.78765880217786
"303307","Dahanu",4.42603550295858
"303465","Dahod",4.1875
"303481","Dakor",4.02564102564103
"303500","Dahej",5
"303506","Dalhousie",4.21844660194175
"306626","Daman",4.00447518307567
"306709","Daltonganj",3.42857142857143
"309074","Dandeli",4.17445482866044
"309108","Damoy",4.5
"309354","Danapur",4
"309706","Dapoli",4.29591836734694
"309728","Dandi",4
"309729","Dantewada",3.33333333333333
"310512","Darbhanga",4.35
"310532","Upper Subansiri District",5
"310534","Darjeeling",4.18573880703762
"310556","Darima",3.5
"324497","Datia",4.00714285714286
"324550","Dasanapura",4.5
"324659","Daulatabad",3.91320072332731
"325229","Dausa",3.64335664335664
"325355","Davanagere",4.41666666666667
"325357","Davangere",4.25531914893617
"325407","Dawki",4.22222222222222
"325809","Deeg",4.02690582959641
"326043","Dehgam",4.29411764705882
"326070","Deesa",4.77777777777778
"326086","Dehradun",4.42866666666667
"327596","Denkanikottai",3
"327598","Delwara",4.71428571428571
"327606","Deoghar",4.0365296803653
"327626","Deogarh",3.81818181818182
"328265","Deshnoke",3.77551020408163
"328300","Deoria",3.8
"328349","Deo",5
"328714","Devanhalli",3.8
"328772","Devadhanapatti",3
"328793","Devarayanadurga",4.17857142857143
"328811","Devikulam",4.02479338842975
"328946","Devipattinam",3.84210526315789
"328955","Devprayag",3.91428571428571
"329078","Dewas",4.22222222222222
"329141","Dhamtari",4.20833333333333
"329177","Dhali",5
"329183","Dhanaulti",4.24961715160796
"329856","Dhanbad",4.38964577656676
"330172","Dhankhar",4
"330222","Dharamkot",4.09090909090909
"330244","Dharamsala",4.33018074821354
"330357","McLeod Ganj",4.08025515502151
"336444","Tapovan",4.62857142857143
"337299","Jwalamukhi",4.00634920634921
"338073","Kangra",4.00813008130081
"338149","Khaniyara",4.52941176470588
"342086","Dharapuram",4.6
"342091","Dharchula",4.19047619047619
"342103","Dharmapuri",3.87978142076503
"342113","Dhari",4.6
"342654","Dharmasthala",4.05454545454545
"342967","Dhar",3.88888888888889
"342999","Dharuhera",4.83333333333333
"343016","Dhaulas",3
"343022","Dhaula Kuan",4.5
"343026","Dhenkanal",4.375
"343049","Dhemaji",3.33333333333333
"343065","Dholpur",3.95238095238095
"343068","Dhikuli",3.81818181818182
"343098","Dhubri",3.88888888888889
"343107","Dhule",4.42857142857143
"343114","Dibrugarh",4.14864864864865
"343186","Digboi",3.68085106382979
"343217","Digha",4.08233117483811
"344299","North Andaman Island",4.34090909090909
"344340","Dimapur",3.88983050847458
"344463","Dindigul",4.06516290726817
"344867","Dirang",4.07317073170732
"344907","Dindori",4.28571428571429
"344933","Diphu",3.9
"344976","Diskit",4.21551724137931
"345036","Dispur",5
"345105","Diu",4.19783715012723
"348249","Diveagar",4.38743455497382
"348284","Divar Island",4.30434782608696
"348845","Doddaballapur",3.96969696969697
"348848","Doda",3.76470588235294
"348905","Dona Paula",4.23084677419355
"348940","Dombivli",4.36842105263158
"349885","Draksharama",4.02898550724638
"349951","Dongargarh",4
"349962","Dudhwa National Park",4.24
"349993","Dubrajpur",4
"349994","Duhka",5
"350008","Dumka",3.89189189189189
"350041","Dungarpur",4.25
"350095","Durgapur",4.2354211663067
"350549","Durg",4.39263803680982
"350722","Dwaraka Tirumala",4.09433962264151
"350732","Dwarka",4.02382319173364
"354269","Ellora",4.20689655172414
"354288","Dyathapura",4.66666666666667
"354301","Egatoor",4.75
"354305","Eluru",4.4
"354315","Erimayur-II",4.25
"354319","Erode",4.16831683168317
"354322","Eppodumvenran",5
"354508","Fagu",4.13157894736842
"354550","Ezhome",5
"354561","Faizabad",4.11023622047244
"354640","Etawah",4
"354684","Faridabad",4.09849749582638
"354710","Falna",4.5
"354762","Farakka",3.3
"355296","Faridkot",3.75
"355333","Fatehpur Sikri",4.00543024227235
"355340","Farsaheya",3.875
"355358","Fatehgarh",3.875
"357733","Fatehpur",4.34883720930233
"357776","Fatorpa",4.2
"357782","Fazilka",3.6
"357791","Ferozpur Jhirka",4
"357796","Firozabad",4.52941176470588
"357824","Firozpur",3.93103448275862
"357853","Gadag",4.01960784313725
"357861","Gadwal",3.875
"357942","Gajner",4.21243523316062
"358127","Gandhidham",3.94444444444444
"358129","Ganagapur",4
"358137","Gandhinagar",4.41525423728814
"358143","Galajwari",4
"359325","Gandikota",4.3731884057971
"359608","Ganeshgudi",4.28070175438596
"359668","Gangolihat",3.90909090909091
"359809","Gangotri",4.01915708812261
"359962","Sagar Island",4
"360034","Gangtok",4.19967127290436
"362286","Tadong",3
"376470","Ganjam",4.20233463035019
"376743","Ganpatipule",4.37802197802198
"378285","Malgund",4.51219512195122
"378639","Garbeta",4.69230769230769
"378649","Garhwal",4.19148936170213
"378709","Garh Siliyara",3.5
"378733","Garjiya",4.4
"378743","Gaya",3.77906976744186
"378752","Garoi",5
"378813","Garhwa",4
"379170","Geyzing",4.63561643835616
"379532","Ghatgan",4.26666666666667
"379562","Ghatshila",4.11111111111111
"379588","Ghanerao",5
"379594","Ghagra",4
"379597","Ghaziabad",4.36230248306998
"380483","Gingee",3.76923076923077
"380492","Ghazipur",4
"380561","Gholu Majra",4.66666666666667
"380568","Sasan Gir",3.88333333333333
"380888","Gir National Park",4.13207547169811
"381078","Giridih",4.27067669172932
"381209","Goa Velha",4.2069602710194
"384481","Gobichettipalayam",4.44444444444444
"384485","Gokak",4.31428571428571
"384510","Godda",2
"384516","Gokarna",4.2541111981206
"387054","Golaghat",4.03333333333333
"387082","Gondal",4.29166666666667
"387206","Gondia",4.20392156862745
"387431","Gopalpur On Sea",4.46666666666667
"387451","Gopalpur",4.17241379310345
"387530","Gopeshwar",3.83636363636364
"387586","Gorakhpur",4.28030303030303
"387976","Gorumara National Park",4.01190476190476
"387982","Gorubathan",4
"388115","Gosaba",4.6530612244898
"388190","Gotagodi",4.796875
"388256","Govardhan",3.83333333333333
"388260","Greater Noida",4.34859154929577
"388281","Great Nicobar Island",4.54545454545455
"388857","Gudalur",4.08670520231214
"388877","Gubbi",3
"389022","Guhagar",4.37765957446809
"389043","Gudur",3
"389222","Guirdolim",4.71428571428571
"389229","Gulbarga",4.01960784313725
"389405","Gulmarg",4.05325
"393433","Guna",4
"393434","Guntur",4.13736263736264
"393439","Gumla",3.75
"393635","Guptkashi",3.5
"393645","Gurdaspur",4.22857142857143
"393717","Gurugram (Gurgaon)",4.3882404563405
"395735","New Delhi",4.19158365074714
"406440","Guruvayur",3.98018769551616
"407404","Guwahati",4.08415032679739
"412320","Gwalior",4.16326530612245
"412323","Gwaldam",4.55555555555556
"415073","Gyaraspur",3.75
"415077","Haddo",2
"415078","Haflong",4.88888888888889
"415086","Haldia",4.01515151515152
"415090","Habra",5
"415098","Hajipur",4
"415101","Hajo",4.14285714285714
"415171","Haldwani",4.03378378378378
"416052","Hamirpur",4.46666666666667
"416056","Hampi",4.03928057553957
"416073","Halol",4.42857142857143
"423034","Hanle",4
"423051","Hansi",3.84615384615385
"423056","Hanumangarh",3.80645161290323
"423105","Haorang Sabal",5
"423106","Hanumanthapuram",3
"423108","Haridwar",4.10265763418447
"423114","Hardoi",4.16666666666667
"423825","Shivpuri",4.84210526315789
"428916","Harihar",4.38095238095238
"428944","Harigar",4
"428947","Harnai",4
"428950","Haroa",4.18181818181818
"428961","Haripurdhar",4.33333333333333
"428980","Hassan",4.02059496567506
"429864","Hastinapur",4.28125
"429871","Hatgad",3.70491803278689
"429956","Havelock Island",4.51745671302867
"430017","Hatkoti",4.36363636363636
"436994","Haveri",4.03030303030303
"437047","Hazaribagh",4.3
"437128","Hazira",4.03937007874016
"437274","Hemis",4.35042735042735
"437508","Himmatnagar",4.41558441558442
"437582","Hiala",5
"437583","Hingoli",3.70175438596491
"437627","Hingolgadh Village",4
"437636","Hinjewadi",4.4
"437651","Hisar",4.25757575757576
"437708","Hogenakkal",4.06666666666667
"437851","Honnavar",4.23157894736842
"437950","Hooghly",4.05413105413105
"438276","Horanadu",4.55294117647059
"438324","Hoovina Hadagalli Taluk",4
"438375","Hosadurga",3.66666666666667
"438395","Hoshangabad",4.17647058823529
"438419","Hoshiarpur",4.33333333333333
"438450","Hospet",4.22920203735144
"439029","Hosur",4.34868421052632
"439188","Howrah",4.09256661991585
"439881","Hubli-Dharwad",4.4144645340751
"440613","Hunder",4.24812030075188
"440723","Hundur",4.25
"440737","Hunsur",3.78787878787879
"441074","Huzurnagar",3.75
"441078","Hyderabad",4.2745444450053
"480654","Idagunji",4.13157894736842
"480769","Kumily",4.51228733459357
"480825","Idar",3.875
"481161","Anachal",4.29387755102041
"481222","Idukki",4.10588235294118
"481321","Munnar",4.23056619838229
"481530","Nedumkandam",4.4468085106383
"481916","Igatpuri",4.47381546134663
"482322","Imphal",3.85727788279773
"483346","Indore",4.21023665382499
"483410","Indapur",4
"488822","Itanagar",4.19642857142857
"488832","Injole",3.66666666666667
"488846","Irikkur",4
"488994","Jabalpur",4.22166874221669
"489009","Itarsi",4.875
"489045","Ivrem-Buzruco",4
"491421","Jadupur",5
"491423","Jagdalpur",4.18518518518519
"491427","Jagadhri",5
"491762","Jageshwar",4.03030303030303
"491832","Jaggaiahpet",4.18181818181818
"491843","Jaipur",4.23546411432511
"491854","Jaigaon",4
"491858","Jagraon",4
"493425","Amer",4.43400617430539
"550631","Jaisalmer",3.98638415610893
"564308","Jajpur",3.8135593220339
"564388","Jalandhar",4.4560327198364
"564434","Jakrem",3.66666666666667
"565398","Jalgaon",4.36931818181818
"565408","Jalasangvi",3
"565585","Jalna",4.41666666666667
"565593","Jalore",4.3921568627451
"565648","Jalpaiguri",4.21483375959079
"566021","Jambughoda",4.26470588235294
"566035","Jambusar",3.86666666666667
"566093","Jammu City",4.16082802547771
"569221","Jamnagar",4.18347895154885
"570485","Jamshedpur",4.34991119005329
"571628","Janakpuri",4.69230769230769
"571639","Jamui",3
"571640","Janjgir",3.91666666666667
"571646","Jamtara",4.66666666666667
"571652","Jashpur",4
"571659","Jariput",4.4
"571668","Jaunpur",4.19354838709677
"571779","Jawhar",4.31506849315068
"571816","Jawahar",5
"571855","Jejuri",4.18292682926829
"571950","Jetpur",4.5
"571956","Jeypore",4.31578947368421
"572032","Jhajjar",4.21875
"572119","Jhalawar",4.27027027027027
"572189","Jhansi",4.03811659192825
"572201","Jhalrapatan",4.33333333333333
"572655","Jharsuguda",4.3
"572673","Jhargram",5
"572674","Jhunjhunu",4.34640522875817
"572811","Jim Corbett National Park",4.16371158392435
"572841","Jibhi",5
"573240","Ramnagar",4.24
"574539","Jodhpur",4.282819942839
"590282","Joginder Nagar",4.08333333333333
"590306","Jolaibari",3.8
"590307","Jorhat",3.99004975124378
"590507","Jowai",4.23275862068965
"590739","Junagadh",4.02773650321942
"590751","Jubbal",3.81818181818182
"592764","Junnar",3.97826086956522
"593110","Kadapa",4.17391304347826
"593153","Kadi",4.25531914893617
"593163","Kadayam",3
"593187","Kadiri",3.5
"593210","Kakinada",4.21074380165289
"593214","Kailashahar",3
"593216","Kaikaluru",3.88888888888889
"593235","Kaipadar",4.4
"593428","Kakkabe",3.88095238095238
"593868","Kaladhungi",3.70810810810811
"594063","Kalady",4.0635838150289
"594225","Kalasa",4.18181818181818
"594270","Kaleshwaram",3.71428571428571
"594287","Kalimpong",4.3445671121441
"596016","Kallar",4.17857142857143
"596028","Kalka",4.30555555555556
"596063","Kalna",3.76190476190476
"596104","Kalpa",3.6986301369863
"596177","Kalpetta",4.04146995023606
"603998","Kalsi",3.75
"604016","Kalyan",4.15151515151515
"604039","Kalyani",4.33333333333333
"604289","Kamargaon",4.40909090909091
"604315","Kamarpukur",3.86046511627907
"604353","Kammasandra",4.05555555555556
"604378","Kamavarapukota",4.16666666666667
"604490","Kamshet",4.55555555555556
"604497","Kamod",3.75
"604735","Kanakapura",3.88888888888889
"604737","Kanadukathan",4.1864406779661
"604976","Kanchipuram",4.08376575240919
"606324","Chail",4.21314387211368
"607434","Kanger Valley National Park",4.2890625
"607471","Kangar Dharyar",3
"607472","Kandla",5
"608421","Kanha National Park",4.24390243902439
"608456","Kanhangad",4.33333333333333
"608486","Kanipakam",4.32530120481928
"608583","Kanjirappally",4.5
"608591","Kannan Devan Hills",4.31111111111111
"608601","Kanker",4.35294117647059
"608614","Kannad",4.18181818181818
"608934","Kannauj",4
"608936","Kannur",4.26067323481117
"611278","Thottada",4.42690058479532
"611517","Kanoi",4.12286002014099
"612540","Kanpur",4.29428044280443
"613600","Kanyakumari",4.12585181963172
"613620","Kanthalloor",4.0625
"613670","Kantilo",4
"620545","Kapurthala",3.92592592592593
"620577","Karad",4.45
"620593","Karaikal",4.0546875
"620747","Karaikudi",4.13438735177866
"620989","Karauli",4.30487804878049
"621141","Kargil",3.21656050955414
"621660","Lamayuru",4.2992700729927
"621985","Karimnagar",4.26388888888889
"622041","Karjat Town",4.24
"622136","Neral",4.03448275862069
"622188","Karkala",4.1
"622382","Karnala",4.12213740458015
"622543","Karnal",4.36065573770492
"622737","Karsha",4
"622743","Karsog",4.33333333333333
"622752","Karur",4.22916666666667
"622851","Karuvarakundu",4.5
"622859","Karwar",4.17620650953984
"623715","Kasaragod",4.22058823529412
"624697","Dharampur",4.18181818181818
"624699","Kasarkod",4.66666666666667
"624713","Kasauli",4.21082621082621
"626477","Kashid",4.37234042553191
"627229","Kashipur",4.16666666666667
"627239","Kasol",4.4
"627246","Kas",4.07982261640798
"627697","Kathua",4.57142857142857
"627702","Katni",4.22535211267606
"627758","Katra",4.21673819742489
"627803","Katoya",3
"628249","Kausani",4.11953833470734
"628259","Kattoor",4.73684210526316
"629443","Kaushambi",4.45571955719557
"630014","Kavaratti Island",4.12222222222222
"630091","Kawardha",4.31578947368421
"630154","Kavi",4.4
"630168","Kayamkulam",4.17241379310345
"630214","Kayavarohan",4.23076923076923
"630230","Kaza",4.0829420970266
"630869","Kaziranga National Park",4.22878228782288
"631157","Kedarnath",3.80444444444444
"631590","Kemmannagundi",4.36363636363636
"631591","Kelwa",3.5
"631603","Keonjhar",4.65454545454545
"631713","Ketkawale",4.45
"631733","Kesariya",3.9
"631763","Kevadia",4.22105263157895
"631849","Keylong",4.14450867052023
"632011","Khajjiar",4.03125
"632075","Khairabad",3
"632076","Khajuraho",4.22324840764331
"635246","Khammam",4.21153846153846
"635262","Khalapur",5
"635311","Khandwa",4.22857142857143
"635346","Kharagpur",4
"635350","Khanvel",4.22222222222222
"635359","Khargone",4.5
"635369","Khatkar Kalan",4.125
"635377","Kheda",4.12025316455696
"635529","Khichan",4
"635559","Khed",4
"635602","Khetri",4.66666666666667
"635605","Khonoma",4.18055555555556
"635675","Khodala",5
"635684","Khopoli",4.64733298808907
"635720","Khonsa",2.5
"645322","Khubi",4.51190476190476
"645361","Khordha",4.22222222222222
"645434","Khuldabad",3.3125
"645440","Khurda",4.36633663366337
"645470","Khunti",4.41666666666667
"645563","Kishangarh",3.96153846153846
"645569","Khurja",4.66666666666667
"645572","Kidanganad",5
"645575","Kiriburu",2
"645593","Kochi (Cochin)",4.18516835781715
"645667","Aluva",4.82187070151307
"645725","Ernakulam",4.24634794156707
"645730","Fort Kochi",4.08
"645767","Maradu",4.63636363636364
"651881","Nedumbassery",4.725
"652029","Paravoor",4.42857142857143
"652546","Vaikom",4.23076923076923
"653559","Ernakulam District",4.16666666666667
"653585","Tripunithura",4.39344262295082
"653656","Perumbavoor",4.25
"659080","Angamaly",4.06060606060606
"667699","Kaloor",4.26315789473684
"667924","Kakkanad",4.89473684210526
"668006","Thrikkakara",4.32
"669952","Kodaikanal",4.23713004484305
"669972","Kodagurki",5
"681083","Kodanad",3.78260869565217
"681241","Koderma",4.2
"681267","Kodungallur",4.23770491803279
"681356","Kohima",3.8218487394958
"682006","Kohka",4.55
"682016","Koilwar",4
"682028","Kokrajhar",4.33333333333333
"682031","Kolad",4.57964601769912
"682037","Kohri",4
"682260","Kolar",4.18354430379747
"682270","Kolagappara",4.66666666666667
"682293","Kolaghat",3.5
"682691","Kolhapur",4.19499294781382
"682742","Kolasib",4
"683171","Sangli",4.15
"715853","Kollam",4.17235772357724
"717083","Kollengode",4.09090909090909
"717089","Kollur",4.21005385996409
"717635","Konark",4.16129032258065
"718120","Kondapalle",4.15
"718157","Konni",4.12328767123288
"718239","Koonthakulam",4.375
"718248","Kopargaon",4.08333333333333
"718257","Koppal",3.83333333333333
"718289","Koraput",4.31578947368421
"718308","Koppa",3.66666666666667
"718348","Korba",4.57142857142857
"718376","Kotagiri",4.29679144385027
"718395","Koriya",4.42857142857143
"718717","Kota",4.32712456344587
"719601","Kotdwara",4.42592592592593
"719680","Kothamangalam",4.56692913385827
"719708","Kotgarh",4.625
"719815","Kottagudi",4.05288461538461
"719845","Kotkhai",4.33333333333333
"720408","Kottarakkara",4.45
"720437","Kottayam",4.3211743772242
"720550","Kumarakom",4.08537490720119
"721334","Manarcaud",4.16666666666667
"721805","Kovalam",4.36152273888605
"725734","Koynanagar",4.08
"725743","Kovilpatti",4.07692307692308
"725756","Kozhikode",4.17936007210455
"727980","Krishnagiri",4.29213483146067
"728055","Krishnanagar",4.11111111111111
"728105","Kuchaman",4.16666666666667
"728157","Kudal",4.46153846153846
"728212","Kuduremukha",4.06976744186047
"728244","Kudli",4
"728250","Kudrasthe",4.66666666666667
"728269","Kufri",4
"728389","Kullu",4.32062146892655
"728469","Kulasekharam",5
"728470","Kulithalai",4
"729847","Kumaon",4
"730923","Kumbakonam",4.06386861313869
"731779","Thanjavur",3.44444444444444
"732608","Kumbhalgarh",4.24381253291206
"734507","Kumta",4.51282051282051
"734529","Kundapur",4.42639593908629
"734723","Kunkeshwar",4.16483516483517
"734834","Kupup",4
"734836","Kupwara",4.28571428571429
"734843","Kurnool",4.06554307116105
"734864","Kuravilangad",5
"735914","Kurseong",4.2484076433121
"736071","Kurukshetra",4.0545746388443
"736674","Kuruppampady",4.2972972972973
"736705","Kushalnagar",4.34108527131783
"736839","Kushinagar",3.87958115183246
"737023","Kutch",4.24112903225806
"738268","Kuthar",3.66666666666667
"738273","Kuttanad",4.09090909090909
"738319","Kuttikkanam",4.78125
"738331","Lachen",4.13953488372093
"738404","Labpur",4.25
"738408","Lachung",4.18651066758431
"739861","Laitmawsiang",4.14285714285714
"739896","Lakhpat",4.07246376811594
"739931","Ladnun",4
"739967","Lakhimpur",4
"739969","Lalitpur",4.2
"739983","Lakkundi",4.66666666666667
"740069","Lansdowne",4.30901287553648
"742624","Lataguri",4.23529411764706
"742635","Latur",4.3
"742651","Latehar",3.8
"742690","Lavasa",4.31612903225806
"743005","Lava",4.45
"743099","Leh",4.139224882745
"743109","Lawngtlai",4
"743713","Chimre",4
"759300","Lepakshi",4.27064220183486
"759938","Loleygaon",4.28985507246377
"760011","Lonar",3.89285714285714
"760186","Khandala",4.27893309222423
"760223","Lonavala",4.46412556053812
"768580","Pune",4.34031413612565
"770730","Pune District",4.41176470588235
"771075","Loutolim",4.03012048192771
"771113","Long Island",4.66666666666667
"771232","Lucknow",4.1407123932882
"778040","Ludhiana",4.21076923076923
"778686","Lumding",4.2
"778701","Lunglei",5
"778706","Machavaram",4.14285714285714
"778712","Machilipatnam",4.54545454545455
"778746","Madduru",4.0625
"778762","Madhubani",3.90909090909091
"778771","Madhugiri",3.76119402985075
"778840","Galibeedu",5
"778842","Bhagamandala",4.13945578231293
"779413","Madikeri",4.13186813186813
"784795","Madurai",4.20324695597877
"784840","Madla",4.66666666666667
"784903","Madugula",4
"791211","Magadi",4.55821917808219
"791255","Madurantakam",3.6
"791303","Maem",4.22222222222222
"792098","Mahabaleshwar",4.25144620131122
"793994","Nakinda",4.72222222222222
"797431","Panchgani",4.5
"799919","Mahabalipuram",4.1763920416611
"807404","Mahad",4.14285714285714
"807405","Mahasamund",3.93103448275862
"807412","Mahadevapura",4
"807466","Mahbubnagar",3.98666666666667
"807531","Mahendragarh",4.06666666666667
"807537","Maheshwar",4.312734082397
"808079","Mahe",4.30769230769231
"808093","Mahuva",4.34285714285714
"808113","Mahul Pali",4.4
"808138","Maihar",4.25581395348837
"808203","Mailam",4.05263157894737
"808238","Majorda",4.53075571177504
"808318","Mailani",4.11111111111111
"808334","Mainpuri",5
"808819","Majuli",4.12878787878788
"808949","Malappuram",4.27049180327869
"809312","Malayattoor",4.05405405405405
"809339","Malda",3.72774869109948
"809382","Malbazar",5
"809387","Malavalli",4.28571428571429
"809558","Malpe",4.44703770197487
"810118","Malsi",4.25413533834586
"810782","Malvan",4.30911680911681
"812144","Manali",4.24887761077494
"812196","Mamidada",4
"814819","Naggar",4.24207492795389
"815635","Vashisht",4.38095238095238
"815748","Manikaran",4.15408805031447
"827629","Haripur",4
"827788","Manali Tehsil",5
"828655","Manalur",5
"828657","Mananthavady",4.14705882352941
"828681","Manchanabele",4.12307692307692
"828711","Manas National Park",3
"828747","Mandarmani",4.33926453143535
"828807","Mandapeta",4.5
"829599","Mandawa",4.46153846153846
"829615","Mandarthi",4.5
"829619","Mandi",4.3184
"830253","Mandla",4.19349315068493
"830803","Mandore",3.85714285714286
"830834","Mandrem",4.57191780821918
"831723","Mandsaur",4.34883720930233
"831751","Mandu",4.03590527119939
"833065","Mandvi",4.18936877076412
"833679","Mysuru (Mysore)",4.28138604283013
"833875","Srirangapatna",3.61176470588235
"833939","Mandya",4.18030513176144
"837026","Mangalagiri",3.89285714285714
"837075","Mangaldai",4.16666666666667
"837086","Mangalore",4.30445772058824
"841435","Mangeshi",4.4
"841465","Mangan",4
"841512","Mangar",4
"841737","Manipal",4.36105032822757
"842224","Mannargudi",4.32142857142857
"842230","Manjakuppam",4
"842241","Mannady",4
"842242","Mannarkkad",4.49295774647887
"842282","Mansar",4.29090909090909
"842390","Mantralayam",3.99354838709677
"842453","Mansa",5
"842539","Mapusa",4.38547120418848
"842583","Mappedu",4
"844080","Mararikulam",4.48716012084592
"845362","Marayur",4.09459459459459
"845423","Maravanthe",4.5
"845463","Margao",4.07305194805195
"846079","Marthandam",4
"846093","Mashobra",4.30769230769231
"846113","Marigaon",5
"846124","Marmagao",3.5
"846166","Masinagudi",4.24615384615385
"846236","Matheran",4.22699914015477
"848571","Mathura",4.02845982142857
"849096","Vrindavan",4
"850444","Mavelikara",4.37209302325581
"850464","Mawlynnong",4.23607748184019
"851305","Mawphlang",4.25
"851363","Mayapur",4.27272727272727
"851456","Mayiladuthurai",4.06896551724138
"851513","Medak",3.94230769230769
"851533","Maynaguri",4
"851558","Mazbat",4.5
"851570","Mecheri",3.5
"851610","Medicherlapalem",4.24489795918367
"851685","Meerut",4.2291169451074
"851698","Meenangadi",3.5
"852106","Mehsana",4.19409282700422
"852157","Mehkar",5
"852335","Melmaruvathur",3.5
"852343","Melukote",5
"852353","Mhaismal",4.55555555555556
"852361","Menar",4
"852365","Meppadi",4.21428571428571
"852379","Mhow",4.36842105263158
"852446","Midnapore",4.21794871794872
"853068","Mira Bhayandar",4.51851851851852
"853097","Mirik",4.10106382978723
"853265","Mirzapur",4.072
"853522","Modhera",4.22715404699739
"853558","Mishrikh Neemsar",3.33333333333333
"853921","Moga",4.28571428571429
"853966","Mogra",4
"854326","Mokokchung",3.85714285714286
"854342","Molcornem",3.83333333333333
"854348","Mollem National Park",4.06203473945409
"855556","Mon",3.61904761904762
"855586","Moodabidri",4.20754716981132
"855639","Moradabad",4.46428571428571
"855644","Mopidevi",4.57142857142857
"855724","Morbi",4.05714285714286
"855784","Morena",3.97435897435897
"855865","Morjim",4.62458471760797
"857961","Mormugao",4.20909090909091
"858205","Morni Hills",4.51428571428571
"858240","Mount Abu",4.28976859263572
"858257","Motihari",4.33333333333333
"865080","Mudigere",4.36111111111111
"865114","Mudumalai",4.125
"865140","Mukteshwar",4.37688888888889
"865180","Mukhla",3.83333333333333
"866288","Muktsar",3.58620689655172
"866315","Mukutmanipur",4.28
"866455","Mulbagal",3.85
"866477","Mulshi",4.25
"866478","Mulki",4.44444444444444
"866503","Mumbai",4.27102585815446
"947986","Chinnakanal",4.76315789473684
"951548","Pothamedu",4.31351351351351
"954793","Pallivasal",4.10526315789474
"959870","Munsiyari",4.06342494714588
"960353","Murdeshwar",4.47159841479524
"961120","Murshidabad",3.7919826652221
"962009","Murthal",4.52941176470588
"962060","Murud",4.04716981132075
"962467","Mussoorie",4.1375341165302
"970887","Muttom",4.61904761904762
"970912","Muttukadu",4.21616161616162
"971420","Muvattupuzha",4.11111111111111
"971434","Muzaffarnagar",3.84615384615385
"971476","Muzaffarpur",4.30841121495327
"991832","Nababhat",4.05
"991857","Nadiad",4.34905660377358
"991887","Nabarangpur",5
"991904","Nadaun",3
"991952","Nadia",4.32885906040268
"992131","Nagaon",4.14285714285714
"992192","Nagapattinam",3.81311475409836
"992193","Thiruvarur",5
"992232","Nagore",3.7906976744186
"992413","Nagapattinam District",4
"992431","Tamil Nadu",3
"992432","Sirkazhi",3.89090909090909
"992487","Vaitheeswarankovil",3.734375
"992613","Velankanni",3.61437908496732
"992806","Nagarhole National Park",4.24757281553398
"992942","Nagarjuna Sagar",3.95121951219512
"993123","Nagaur",4.42741935483871
"993156","Nagar",4
"993235","Nagercoil",4.06508875739645
"993429","Nagoa",4.90909090909091
"993435","Nagothane",4.21875
"993462","Nagpur",4.20608339029392
"996401","Nagrota",4.14285714285714
"996415","Nagrasu",2
"996426","Nahan",4.27916666666667
"996631","Nainital",4.30938324331114
"996665","Naina Devi",3.5
"1004613","Nako",4.025
"1004633","Nakodar",4.47368421052632
"1004642","Nakhatrana",4.25
"1004680","Nalagarh",4.28
"1004684","Nalanda",3.68166089965398
"1004698","Nala Sopara",2
"1005005","Nalbari",4.42857142857143
"1005011","Naldehra",3.99662162162162
"1005301","Naldurg",4.07142857142857
"1005305","Nalgonda",4.11046511627907
"1005482","Nalsarovar",3.96062992125984
"1005624","Namakkal",4.14163090128755
"1005836","Namchi",4.24257425742574
"1005876","Nambol",2
"1006448","Nameri National Park",4.34883720930233
"1006491","Namdapha National Park",3.875
"1006495","Namsai",4.30434782608696
"1006538","Nandalur",3.66666666666667
"1006545","Nanded",4.34296028880866
"1006555","Nanded-Waghala",4.32
"1006563","Nandara Kalan",4.11111111111111
"1006868","Nandurbar",4.26666666666667
"1006893","Nandyal",4
"1006900","Nanguneri",3.625
"1006907","Nanjangud",4.03846153846154
"1006936","Narasaraopet",3.94444444444444
"1006944","Narendranagar",4.34146341463415
"1006965","Narasapura",4.375
"1007002","Narkanda",4.2046783625731
"1007035","Nargol",4.54545454545455
"1007515","Narmada",4.21316614420063
"1007542","Narlai",3.5
"1007807","Narnaul",4.10344827586207
"1007885","Narsinghpur",5
"1007886","Narsapur",4.5
"1007888","Nashik",4.35248635536689
"1014496","Nathdwara",3.92615012106538
"1015333","Naukuchiatal",4.36363636363636
"1015390","Nattarasankottai",4.28571428571429
"1015718","Navi Mumbai",4.33768794675869
"1015736","Navadvipa",4
"1016382","Maharashtra",4.25
"1019829","Navsari",4.33834586466165
"1019952","Nawalgarh",4.35323383084577
"1019982","Nawada",4.45454545454545
"1020174","Nawanshahr",4.8
"1020189","Naya Raipur",4
"1020191","Nayagrh",5
"1020224","Nazira",4
"1020240","Neelavara",5
"1020241","Neemuch",4.36585365853659
"1020270","Neil Island",4.27363184079602
"1022101","Nelliyampathy",4.11304347826087
"1022136","Nelamangala",4.5
"1022208","Nellore",4.23885350318471
"1022512","Netarhat",4.22727272727273
"1022548","Netravali",4.3469387755102
